Series Name,Series Code,Country Name,Country Code,2000 [YR2000],2012 [YR2012],2013 [YR2013],2014 [YR2014],2015 [YR2015],2016 [YR2016],2017 [YR2017],2018 [YR2018],2019 [YR2019],2020 [YR2020],2021 [YR2021]
Government Effectiveness: Estimate,GE.EST,Afghanistan,AFG,-2.17394614219666,-1.37641882896423,-1.4007453918457,-1.36231827735901,-1.35180771350861,-1.25418150424957,-1.35992228984833,-1.47929918766022,-1.49562668800354,-1.58514487743378,-1.63436961174011
Government Effectiveness: Estimate,GE.EST,Albania,ALB,-0.917780160903931,-0.267875999212265,-0.323595732450485,-0.04880241304636,0.0592881888151169,0.0597151108086109,0.128729850053787,0.110513411462307,-0.033333245664835,-0.124956652522087,-0.00336363865062594
Government Effectiveness: Estimate,GE.EST,Algeria,DZA,-1.01074934005737,-0.444745928049088,-0.428817510604858,-0.336888343095779,-0.37799397110939,-0.430877894163132,-0.506708323955536,-0.457864254713058,-0.54141891002655,-0.544885635375977,-0.620759844779968
Government Effectiveness: Estimate,GE.EST,American Samoa,ASM,..,0.480951368808746,0.486867696046829,0.438700348138809,0.485081702470779,0.528136432170868,0.557348668575287,0.546050012111664,0.537684321403503,0.689502596855164,0.697109878063202
Government Effectiveness: Estimate,GE.EST,Andorra,AND,1.38048672676086,1.52303469181061,1.53251993656158,1.71223628520966,1.78248631954193,1.85312378406525,1.93147969245911,1.93613159656525,1.90103769302368,1.81611633300781,1.81625008583069
Government Effectiveness: Estimate,GE.EST,Angola,AGO,-1.07503414154053,-0.990929543972015,-1.24662971496582,-1.05508363246918,-0.893182992935181,-0.936142444610596,-0.919977068901062,-0.978714644908905,-1.08401024341583,-1.20352840423584,-1.05936896800995
Government Effectiveness: Estimate,GE.EST,Anguilla,AIA,..,1.52303469181061,1.53251993656158,0.948114812374115,1.00404345989227,1.32312893867493,0.832174897193909,0.824066340923309,0.810354948043823,0.971156001091003,0.976894974708557
Government Effectiveness: Estimate,GE.EST,Antigua and Barbuda,ATG,0.618822574615479,0.480951368808746,0.486867696046829,-0.0707140490412712,0.225600779056549,0.263139009475708,0.00769626582041383,-0.00998254306614399,-0.00765708275139332,-0.155457809567451,-0.142245307564735
Government Effectiveness: Estimate,GE.EST,Argentina,ARG,-0.0280386935919523,-0.206465601921082,-0.253652781248093,-0.109243862330914,-0.0165390782058239,0.250169098377228,0.164413183927536,0.054248072206974,-0.0965068936347961,-0.224287480115891,-0.356661766767502
Government Effectiveness: Estimate,GE.EST,Armenia,ARM,-0.546417593955994,-0.0269024036824703,0.0853265821933746,-0.251768827438354,-0.276716083288193,-0.275093078613281,-0.215339452028275,-0.141409367322922,-0.197479233145714,-0.274477034807205,-0.249556034803391
Government Effectiveness: Estimate,GE.EST,Aruba,ABW,..,1.24728560447693,1.22114515304565,0.887694120407104,0.880507171154022,0.888866126537323,0.913862347602844,1.05176115036011,1.02402460575104,1.1213675737381,1.13221418857574
Government Effectiveness: Estimate,GE.EST,Australia,AUS,1.73217022418976,1.61283433437347,1.63268768787384,1.60130333900452,1.56022334098816,1.56198215484619,1.53046941757202,1.58852088451385,1.56487631797791,1.61007499694824,1.51292824745178
Government Effectiveness: Estimate,GE.EST,Austria,AUT,1.84726524353027,1.5598771572113,1.57174801826477,1.55354714393616,1.47787606716156,1.50463581085205,1.49953770637512,1.48801589012146,1.52114546298981,1.64590120315552,1.57000815868378
Government Effectiveness: Estimate,GE.EST,Azerbaijan,AZE,-0.951395213603973,-0.787990510463715,-0.444532543420792,-0.30541729927063,-0.21886844933033,-0.116176269948483,-0.129922404885292,-0.104204587638378,-0.0864946097135544,-0.116941824555397,0.247684523463249
Government Effectiveness: Estimate,GE.EST,"Bahamas, The",BHS,1.23428380489349,0.982968807220459,0.867702424526215,0.725424528121948,0.709997713565826,0.715726613998413,0.573825657367706,0.533815801143646,0.481303781270981,0.445276260375977,0.461800664663315
Government Effectiveness: Estimate,GE.EST,Bahrain,BHR,0.551933765411377,0.544541776180267,0.584795832633972,0.561928749084473,0.55733323097229,0.325291305780411,0.191406816244125,0.175440326333046,0.294352799654007,0.42190483212471,0.717128276824951
Government Effectiveness: Estimate,GE.EST,Bangladesh,BGD,-0.607652246952057,-0.80632072687149,-0.795478343963623,-0.773857712745667,-0.726373553276062,-0.675904393196106,-0.730936646461487,-0.739062011241913,-0.731802582740784,-0.755047261714935,-0.627411544322968
Government Effectiveness: Estimate,GE.EST,Barbados,BRB,1.38048672676086,1.45407426357269,1.35099792480469,1.1999454498291,1.02185571193695,1.07720279693604,0.838656902313232,0.421918600797653,0.626334428787231,0.482354998588562,0.538301587104797
Government Effectiveness: Estimate,GE.EST,Belarus,BLR,-0.721570193767548,-0.967426657676697,-0.956366419792175,-0.480019152164459,-0.447351336479187,-0.472853124141693,-0.315424978733063,-0.255736440420151,-0.129739582538605,-0.798498213291168,-0.77081686258316
Government Effectiveness: Estimate,GE.EST,Belgium,BEL,1.65919423103333,1.67085814476013,1.70239806175232,1.51817321777344,1.55638754367828,1.42739248275757,1.27178764343262,1.25618195533752,1.14229798316956,1.11614394187927,1.12509024143219
Government Effectiveness: Estimate,GE.EST,Belize,BLZ,0.364934474229813,-0.16534312069416,-0.14623935520649,-0.543264508247375,-0.607547760009766,-0.600371897220612,-0.637444734573364,-0.596393644809723,-0.600823760032654,-0.568718016147614,-0.488973140716553
Government Effectiveness: Estimate,GE.EST,Benin,BEN,-0.396729677915573,-0.53087717294693,-0.511948347091675,-0.486698359251022,-0.651237785816193,-0.597261607646942,-0.672316074371338,-0.609943568706512,-0.466742843389511,-0.260536432266235,-0.206672295928001
Government Effectiveness: Estimate,GE.EST,Bermuda,BMU,1.12659859657288,1.00199294090271,1.00969386100769,0.948114812374115,1.00404345989227,1.32312893867493,1.38182723522186,1.38009893894196,1.35569632053375,1.53446292877197,1.53646504878998
Government Effectiveness: Estimate,GE.EST,Bhutan,BTN,0.618822574615479,0.553633213043213,0.428137600421906,0.295157015323639,0.45215305685997,0.555250704288483,0.619420409202576,0.395572245121002,0.351603776216507,0.445312023162842,0.796326637268066
Government Effectiveness: Estimate,GE.EST,Bolivia,BOL,-0.309992283582687,-0.361267656087875,-0.379845023155212,-0.586189091205597,-0.651217341423035,-0.57604306936264,-0.370755553245544,-0.30380716919899,-0.774055242538452,-0.702078521251678,-0.731921494007111
Government Effectiveness: Estimate,GE.EST,Bosnia and Herzegovina,BIH,-1.05737936496735,-0.449273467063904,-0.427030026912689,-0.486775159835815,-0.589775621891022,-0.41333082318306,-0.484354197978973,-0.63862156867981,-0.669898688793182,-1.0434535741806,-1.04125106334686
Government Effectiveness: Estimate,GE.EST,Botswana,BWA,0.420466750860214,0.421417683362961,0.377902537584305,0.295623540878296,0.479426294565201,0.528043210506439,0.39582833647728,0.280855685472488,0.400045096874237,0.199554353952408,0.354068398475647
Government Effectiveness: Estimate,GE.EST,Brazil,BRA,0.0430850870907307,-0.169213905930519,-0.126656055450439,-0.181397631764412,-0.232308551669121,-0.221285507082939,-0.292603075504303,-0.498852431774139,-0.206858992576599,-0.4376100897789,-0.46029195189476
Government Effectiveness: Estimate,GE.EST,Brunei Darussalam,BRN,0.866731762886047,0.837379038333893,0.864929258823395,1.08187341690063,1.05656659603119,1.07920169830322,1.14002871513367,1.24559855461121,1.31180918216705,1.42967927455902,1.45483326911926
Government Effectiveness: Estimate,GE.EST,Bulgaria,BGR,0.0379754789173603,-0.031450092792511,-0.0155216613784432,-0.113804370164871,0.0163866877555847,0.120276361703873,0.128312349319458,0.140734523534775,0.20231106877327,-0.182731494307518,-0.139183074235916
Government Effectiveness: Estimate,GE.EST,Burkina Faso,BFA,-0.783201575279236,-0.631817698478699,-0.669020593166351,-0.591082870960236,-0.647623836994171,-0.595434606075287,-0.604678869247437,-0.611225008964539,-0.753421664237976,-0.675997257232666,-0.726333022117615
Government Effectiveness: Estimate,GE.EST,Burundi,BDI,-1.41228187084198,-1.31334269046783,-1.07157528400421,-1.15178322792053,-1.20808339118958,-1.45598387718201,-1.36013412475586,-1.42649447917938,-1.35036277770996,-1.28126287460327,-1.33109068870544
Government Effectiveness: Estimate,GE.EST,Cabo Verde,CPV,..,0.0531910918653011,0.0417175777256489,0.0370709039270878,0.194931030273438,0.137604638934135,0.174251601099968,0.355626672506332,0.291506767272949,0.226905837655067,0.0427362434566021
Government Effectiveness: Estimate,GE.EST,Cambodia,KHM,-0.897491276264191,-0.817487955093384,-0.909453153610229,-0.693109095096588,-0.701688945293427,-0.691832840442657,-0.654785931110382,-0.555220901966095,-0.571561098098755,-0.392002016305923,-0.422636479139328
Government Effectiveness: Estimate,GE.EST,Cameroon,CMR,-0.823291063308716,-0.902539670467377,-0.922704458236694,-0.81028014421463,-0.800239264965057,-0.782967507839203,-0.826015651226044,-0.822952508926392,-0.831370949745178,-0.900137960910797,-0.875312626361847
Government Effectiveness: Estimate,GE.EST,Canada,CAN,1.84907865524292,1.75665128231049,1.78109800815582,1.75431442260742,1.75740849971771,1.77425181865692,1.84851443767548,1.7078355550766,1.7242956161499,1.63518702983856,1.6038920879364
Government Effectiveness: Estimate,GE.EST,Cayman Islands,CYM,1.88826286792755,1.24728560447693,1.22114515304565,1.17534911632538,1.16320443153381,1.17693638801575,1.22199940681458,1.19737100601196,1.16319942474365,1.1213675737381,1.29015183448792
Government Effectiveness: Estimate,GE.EST,Central African Republic,CAF,-1.41228187084198,-1.4573860168457,-1.63031995296478,-1.88735949993134,-1.78828811645508,-1.7859103679657,-1.77838099002838,-1.71451246738434,-1.75460362434387,-1.7047803401947,-1.64426708221436
Government Effectiveness: Estimate,GE.EST,Chad,TCD,-0.650617778301239,-1.48455536365509,-1.38703036308289,-1.50968110561371,-1.45233857631683,-1.52056062221527,-1.47825181484222,-1.53306317329407,-1.5765894651413,-1.48164510726929,-1.42402386665344
Government Effectiveness: Estimate,GE.EST,Chile,CHL,1.00555968284607,1.18497562408447,1.16464471817017,1.03606343269348,0.946688175201416,0.864224791526794,0.839776456356049,0.939167737960815,0.891052961349487,0.737568378448486,0.626065135002136
Government Effectiveness: Estimate,GE.EST,China,CHN,-0.158842876553535,0.000691474939230829,-0.0197360552847385,0.345973432064056,0.437830150127411,0.377766102552414,0.438617289066315,0.518306255340576,0.563922524452209,0.67731511592865,0.840674877166748
Government Effectiveness: Estimate,GE.EST,Colombia,COL,-0.403075814247131,0.000233644808758982,0.0554467886686325,-0.137135624885559,-0.0648055598139763,-0.00710379332304001,-0.114196181297302,-0.111109770834446,0.0608061067759991,0.038009624928236,-0.0145592289045453
Government Effectiveness: Estimate,GE.EST,Comoros,COM,-1.15839385986328,-1.6020599603653,-1.6094434261322,-1.73821330070496,-1.61055159568787,-1.63926291465759,-1.65252017974854,-1.68699681758881,-1.72172141075134,-1.62419712543488,-1.79016625881195
Government Effectiveness: Estimate,GE.EST,"Congo, Dem. Rep.",COD,-1.79194414615631,-1.64531707763672,-1.46761012077332,-1.56561553478241,-1.60217380523682,-1.5210725069046,-1.6348739862442,-1.53962922096252,-1.61820912361145,-1.7140805721283,-1.71887814998627
Government Effectiveness: Estimate,GE.EST,"Congo, Rep.",COG,-1.15075349807739,-1.17445254325867,-1.15825843811035,-1.12954616546631,-1.05090475082397,-1.1091136932373,-1.22220373153687,-1.1786961555481,-1.39087569713593,-1.48290407657623,-1.55109667778015
Government Effectiveness: Estimate,GE.EST,Cook Islands,COK,..,-0.999131679534912,-0.993233442306519,..,..,..,..,..,..,..,..
Government Effectiveness: Estimate,GE.EST,Costa Rica,CRI,0.262206673622131,0.474561214447021,0.4562868475914,0.359661102294922,0.331427365541458,0.309364438056946,0.245978489518166,0.378318965435028,0.372309684753418,0.227197661995888,0.257310390472412
Government Effectiveness: Estimate,GE.EST,Cote d'Ivoire,CIV,-1.00785183906555,-1.11026895046234,-0.938383460044861,-0.858885228633881,-0.718897879123688,-0.703345537185669,-0.782439887523651,-0.620790183544159,-0.528571486473084,-0.506700754165649,-0.501908421516418
Government Effectiveness: Estimate,GE.EST,Croatia,HRV,0.363394379615784,0.678777635097504,0.679197311401367,0.67844021320343,0.486154109239578,0.454411864280701,0.568788588047028,0.547258853912354,0.48991197347641,0.461028814315796,0.591041088104248
Government Effectiveness: Estimate,GE.EST,Cuba,CUB,-0.368335545063019,-0.407112777233124,-0.440643876791,-0.0483102537691593,0.0202840734273195,-0.106143109500408,-0.183646216988564,-0.24821449816227,-0.175985559821129,-0.173482492566109,-0.215295180678368
Government Effectiveness: Estimate,GE.EST,Cyprus,CYP,1.07490420341492,1.38329422473907,1.36027181148529,1.13578176498413,1.04525530338287,0.956362783908844,0.916094303131104,0.914614915847778,0.986659109592438,0.875510334968567,0.736126184463501
Government Effectiveness: Estimate,GE.EST,Czech Republic,CZE,0.587459146976471,0.926879465579987,0.921189188957214,1.03444588184357,1.05675494670868,1.04051971435547,1.06453895568848,0.983867347240448,0.949878513813019,0.949175953865051,1.11025178432465
Government Effectiveness: Estimate,GE.EST,Denmark,DNK,1.89654886722565,1.98666501045227,1.94354319572449,1.78535032272339,1.82099413871765,1.85056483745575,1.77910506725311,1.84376227855682,1.90285611152649,1.88126754760742,2.00407338142395
Government Effectiveness: Estimate,GE.EST,Djibouti,DJI,-0.904505729675293,-1.08184468746185,-0.980983674526215,-1.01622188091278,-0.993094265460968,-1.01366484165192,-1.06289899349213,-0.955514669418335,-0.786942481994629,-0.728089869022369,-0.798380613327026
Government Effectiveness: Estimate,GE.EST,Dominica,DMA,0.872710645198822,0.750648260116577,0.792220890522003,0.159368187189102,0.206439584493637,0.150095641613007,-0.217171430587769,-0.252663820981979,-0.231091558933258,-0.0981137603521347,-0.090642049908638
Government Effectiveness: Estimate,GE.EST,Dominican Republic,DOM,-0.425159573554993,-0.542260885238647,-0.491729438304901,-0.461171865463257,-0.367906868457794,-0.262045592069626,-0.357882916927338,-0.365022033452988,-0.327568829059601,-0.251211732625961,0.0309976488351822
Government Effectiveness: Estimate,GE.EST,Ecuador,ECU,-0.685290277004242,-0.473636031150818,-0.446686625480652,-0.382538944482803,-0.362452775239944,-0.35258224606514,-0.32338485121727,-0.291024178266525,-0.342753469944,-0.44602558016777,-0.209148362278938
Government Effectiveness: Estimate,GE.EST,"Egypt, Arab Rep.",EGY,-0.174759328365326,-0.681242823600769,-0.782649993896484,-0.715678930282593,-0.658710360527039,-0.498412042856216,-0.496926844120026,-0.418590575456619,-0.216252833604813,-0.420183449983597,-0.432110905647278
Government Effectiveness: Estimate,GE.EST,El Salvador,SLV,-0.620502829551697,-0.140011951327324,-0.126089632511139,-0.0275407396256924,-0.262551724910736,-0.319865673780441,-0.366407036781311,-0.471888273954391,-0.514914095401764,-0.23379747569561,-0.312677413225174
Government Effectiveness: Estimate,GE.EST,Equatorial Guinea,GNQ,-1.06132340431213,-1.25381076335907,-1.35571181774139,-1.16264402866364,-1.14321553707123,-1.12799596786499,-1.13955283164978,-1.16856682300568,-1.01650810241699,-1.19046521186829,-1.15928483009338
Government Effectiveness: Estimate,GE.EST,Eritrea,ERI,-1.15839385986328,-1.50681889057159,-1.54667401313782,-1.67551779747009,-1.63754856586456,-1.73854494094849,-1.76253390312195,-1.73039150238037,-1.76978731155396,-1.62417638301849,-1.67682373523712
Government Effectiveness: Estimate,GE.EST,Estonia,EST,0.687826871871948,0.948040783405304,0.9696124792099,1.01239836215973,1.06457781791687,1.08586001396179,1.10511589050293,1.18497395515442,1.16854131221771,1.33476769924164,1.38256192207336
Government Effectiveness: Estimate,GE.EST,Eswatini,SWZ,-0.650617778301239,-0.386308401823044,-0.369800895452499,-0.494793146848679,-0.507000148296356,-0.506514072418213,-0.460200309753418,-0.631603538990021,-0.601965367794037,-0.726357102394104,-0.728663802146912
Government Effectiveness: Estimate,GE.EST,Ethiopia,ETH,-1.20650112628937,-0.450273543596268,-0.618144035339355,-0.436862170696259,-0.65959906578064,-0.660469055175781,-0.711775779724121,-0.624305069446564,-0.623708486557007,-0.550458014011383,-0.613235294818878
Government Effectiveness: Estimate,GE.EST,Fiji,FJI,-0.14284160733223,-1.04925334453583,-1.03031718730927,-0.401604831218719,-0.292020976543427,-0.235701814293861,0.282522469758987,0.824066340923309,0.810354948043823,0.545305252075195,0.62380588054657
Government Effectiveness: Estimate,GE.EST,Finland,FIN,2.02971863746643,2.20997786521912,2.18106055259705,2.02587246894836,1.86951994895935,1.8709329366684,2.00964570045471,2.04712867736816,1.99904680252075,1.93922412395477,1.96044170856476
Government Effectiveness: Estimate,GE.EST,France,FRA,1.63705730438232,1.37307465076447,1.48244905471802,1.41344439983368,1.44436192512512,1.41083574295044,1.34084808826447,1.45236825942993,1.36585938930511,1.23942053318024,1.26752460002899
Government Effectiveness: Estimate,GE.EST,French Guiana,GUF,0.872710645198822,1.13841533660889,1.09741318225861,1.12380313873291,1.11911618709564,1.1227411031723,1.3724102973938,1.39038443565369,1.38073217868805,1.3118622303009,1.26537930965424
Government Effectiveness: Estimate,GE.EST,Gabon,GAB,-0.4848812520504,-0.961442291736603,-0.869095206260681,-0.606391787528992,-0.726703584194183,-0.799578964710236,-0.974690496921539,-0.802929818630219,-0.935714185237885,-0.967587471008301,-0.783586800098419
Government Effectiveness: Estimate,GE.EST,"Gambia, The",GMB,-0.509562849998474,-0.575523316860199,-0.739737510681152,-0.719586491584778,-0.954917192459106,-0.902069211006165,-0.717804849147797,-0.731363713741302,-0.741122901439667,-0.75449800491333,-0.638483941555023
Government Effectiveness: Estimate,GE.EST,Georgia,GEO,-0.42815425992012,0.640399277210236,0.61626398563385,0.4301737844944,0.326052337884903,0.458598971366882,0.52032345533371,0.558672606945038,0.80954521894455,0.753325581550598,0.654211461544037
Government Effectiveness: Estimate,GE.EST,Germany,DEU,1.80453169345856,1.53066420555115,1.51082193851471,1.66535496711731,1.68278539180756,1.68976020812988,1.64512419700623,1.55609440803528,1.52456390857697,1.3521968126297,1.33114635944366
Government Effectiveness: Estimate,GE.EST,Ghana,GHA,0.0335262566804886,-0.0925012230873108,-0.136944934725761,-0.311548888683319,-0.288247644901276,-0.22226570546627,-0.162351951003075,-0.297320187091827,-0.265315860509872,-0.165586546063423,-0.149478808045387
Government Effectiveness: Estimate,GE.EST,Greece,GRC,0.587037920951843,0.276177167892456,0.35748490691185,0.298346072435379,0.175534188747406,0.155969187617302,0.26976814866066,0.288108438253403,0.34478572010994,0.437608152627945,0.443549573421478
Government Effectiveness: Estimate,GE.EST,Greenland,GRL,..,0.995843112468719,0.938591599464417,0.916320562362671,0.864757418632507,0.838680744171143,0.834646105766296,0.83200216293335,0.808333098888397,0.791538119316101,0.775258123874664
Government Effectiveness: Estimate,GE.EST,Grenada,GRD,0.618822574615479,0.322763919830322,0.274028927087784,-0.0594611540436745,-0.156652510166168,-0.121551275253296,-0.137147560715675,-0.206633046269417,-0.0960837602615356,0.0282526388764381,0.0265319310128689
Government Effectiveness: Estimate,GE.EST,Guam,GUM,..,-0.0400902442634106,-0.0359585024416447,0.438700348138809,0.485081702470779,0.263139009475708,0.282522469758987,0.268033742904663,0.265013605356216,0.689502596855164,0.697109878063202
Government Effectiveness: Estimate,GE.EST,Guatemala,GTM,-0.561387360095978,-0.788484036922455,-0.727054178714752,-0.762473464012146,-0.739520847797394,-0.621087372303009,-0.663387358188629,-0.685638844966888,-0.694045960903168,-0.686632513999939,-0.751769006252289
Government Effectiveness: Estimate,GE.EST,Guinea,GIN,-0.87711489200592,-1.26455461978912,-1.17474222183228,-1.24393796920776,-1.15628039836884,-1.03494191169739,-1.06098484992981,-1.0021425485611,-0.83614706993103,-0.941214144229889,-0.915673136711121
Government Effectiveness: Estimate,GE.EST,Guinea-Bissau,GNB,-0.966977536678314,-1.29232406616211,-1.4571270942688,-1.64483666419983,-1.63033866882324,-1.6821197271347,-1.79129230976105,-1.52309930324554,-1.55498135089874,-1.45148646831512,-1.42388391494751
Government Effectiveness: Estimate,GE.EST,Guyana,GUY,-0.0521482117474079,-0.100991204380989,-0.102908037602901,-0.222436293959618,-0.322603821754456,-0.276812613010406,-0.272031456232071,-0.246903374791145,-0.374773502349854,-0.416971474885941,-0.236731559038162
Government Effectiveness: Estimate,GE.EST,Haiti,HTI,-1.24061620235443,-1.66423547267914,-1.59370505809784,-2.09138631820679,-2.06353092193604,-2.13715314865112,-2.10576891899109,-1.93274867534637,-2.04751920700073,-2.08916330337524,-2.18748784065247
Government Effectiveness: Estimate,GE.EST,Honduras,HND,-0.579896092414856,-0.696037590503693,-0.728501975536346,-0.816930711269379,-0.82637757062912,-0.730238914489746,-0.504674911499023,-0.58902108669281,-0.588127493858337,-0.613730549812317,-0.782125532627106
Government Effectiveness: Estimate,GE.EST,"Hong Kong SAR, China",HKG,1.26450181007385,1.82538735866547,1.73837983608246,1.82650637626648,1.90423309803009,1.83474016189575,1.89666271209717,1.89486622810364,1.73372983932495,1.65323340892792,1.52611684799194
Government Effectiveness: Estimate,GE.EST,Hungary,HUN,0.999929845333099,0.617730259895325,0.688397705554962,0.591123700141907,0.546788156032562,0.498613774776459,0.522830724716187,0.486754298210144,0.491521060466766,0.573773086071014,0.634507834911346
Government Effectiveness: Estimate,GE.EST,Iceland,ISL,1.94497442245483,1.48283445835114,1.48332166671753,1.48588836193085,1.48790156841278,1.37979054450989,1.4456592798233,1.45800733566284,1.51136791706085,1.51486778259277,1.63863050937653
Government Effectiveness: Estimate,GE.EST,India,IND,-0.187351524829865,-0.159344166517258,-0.160392627120018,-0.225482806563377,0.109133675694466,0.0909590721130371,0.0689344704151154,0.295401304960251,0.160742476582527,0.405513286590576,0.282362580299377
Government Effectiveness: Estimate,GE.EST,Indonesia,IDN,-0.366054028272629,-0.331714361906052,-0.244258090853691,-0.064909890294075,-0.296328127384186,-0.0159781314432621,0.014091856777668,0.176904797554016,0.173593521118164,0.350167453289032,0.379007279872894
Government Effectiveness: Estimate,GE.EST,"Iran, Islamic Rep.",IRN,-0.492341905832291,-0.527663171291351,-0.677003026008606,-0.427461057901382,-0.209973752498627,-0.192301854491234,-0.199220180511475,-0.433131128549576,-0.556162297725677,-0.99354088306427,-0.858067035675049
Government Effectiveness: Estimate,GE.EST,Iraq,IRQ,-1.9281210899353,-1.05594384670258,-1.04816651344299,-1.05616867542267,-1.17353999614716,-1.20345497131348,-1.20053422451019,-1.24507141113281,-1.2862833738327,-1.28007757663727,-1.29181385040283
Government Effectiveness: Estimate,GE.EST,Ireland,IRL,1.59273290634155,1.53875768184662,1.50442242622375,1.59942471981049,1.54763662815094,1.35918712615967,1.29900372028351,1.41058230400085,1.28567111492157,1.47139298915863,1.50441348552704
Government Effectiveness: Estimate,GE.EST,Israel,ISR,1.05533421039581,1.26950836181641,1.24334001541138,1.20602762699127,1.38379633426666,1.33967506885529,1.38092422485352,1.2012026309967,1.31913733482361,1.08803522586823,1.29196643829346
Government Effectiveness: Estimate,GE.EST,Italy,ITA,0.72274261713028,0.447233974933624,0.532884180545807,0.473363518714905,0.519599437713623,0.575462758541107,0.522762894630432,0.438418537378311,0.478667974472046,0.393574446439743,0.361195981502533
Government Effectiveness: Estimate,GE.EST,Jamaica,JAM,0.00215644319541752,0.0482510663568974,0.0774617120623589,0.204265579581261,0.327525228261948,0.512261509895325,0.59208208322525,0.63577276468277,0.625826776027679,0.56229567527771,0.414007514715195
Government Effectiveness: Estimate,GE.EST,Japan,JPN,1.14183568954468,1.40768194198608,1.61095058917999,1.80614173412323,1.77980673313141,1.81469810009003,1.61193716526031,1.66764533519745,1.57961368560791,1.5871205329895,1.4027578830719
Government Effectiveness: Estimate,GE.EST,"Jersey, Channel Islands",JEY,..,1.4430900812149,1.37299728393555,1.34822928905487,1.29578471183777,1.26334929466248,1.25816893577576,1.25281739234924,1.23117136955261,1.21279776096344,1.18212008476257
Government Effectiveness: Estimate,GE.EST,Jordan,JOR,0.0169949810951948,0.0486354753375053,0.000103879363450687,0.142491489648819,0.145525068044662,0.15731056034565,0.106722481548786,0.134981378912926,0.112162530422211,0.126554161310196,0.227398812770844
Government Effectiveness: Estimate,GE.EST,Kazakhstan,KAZ,-0.778521120548248,-0.524907648563385,-0.620747625827789,-0.0746254771947861,-0.110271520912647,-0.103502668440342,-0.0281130317598581,-0.00548403710126877,0.106465771794319,0.137930825352669,0.0642046928405762
Government Effectiveness: Estimate,GE.EST,Kenya,KEN,-0.62007862329483,-0.540049195289612,-0.476614475250244,-0.357425808906555,-0.357313096523285,-0.364104777574539,-0.355771034955978,-0.469660043716431,-0.439814895391464,-0.400212824344635,-0.3299939930439
Government Effectiveness: Estimate,GE.EST,Kiribati,KIR,..,-0.799266338348389,-0.772722005844116,-0.566989004611969,-0.477987378835678,-0.40032896399498,-0.187736853957176,-0.206392258405685,-0.173108115792274,0.0364286713302135,-0.00803752802312374
Government Effectiveness: Estimate,GE.EST,"Korea, Dem. People's Rep.",PRK,-1.79194414615631,-1.90845310688019,-1.89786756038666,-1.63817834854126,-1.63106298446655,-1.62311971187592,-1.67072212696075,-1.57282078266144,-1.39771819114685,-1.46701264381409,-1.55690467357635
Government Effectiveness: Estimate,GE.EST,"Korea, Rep.",KOR,0.613540589809418,1.08036017417908,1.00880420207977,1.03978645801544,1.0090959072113,1.05913138389587,1.06859254837036,1.17572402954102,1.3697988986969,1.40716409683228,1.4062123298645
Government Effectiveness: Estimate,GE.EST,Kosovo,XKX,..,-0.324519962072372,-0.355947911739349,-0.288678050041199,-0.393234610557556,-0.40460193157196,-0.387631714344025,-0.417538285255432,-0.340276956558228,-0.298100531101227,-0.223405107855797
Government Effectiveness: Estimate,GE.EST,Kuwait,KWT,-0.0979407951235771,-0.0735591202974319,-0.072658471763134,-0.149660989642143,-0.0345999412238598,-0.164509519934654,-0.178383439779282,-0.0915746539831162,0.0146340792998672,-0.163963556289673,-0.0383672453463078
Government Effectiveness: Estimate,GE.EST,Kyrgyz Republic,KGZ,-0.405962914228439,-0.646356999874115,-0.649237751960754,-0.87262636423111,-0.92422878742218,-0.91020393371582,-0.714723706245422,-0.606800556182861,-0.68574070930481,-0.532788515090942,-0.727085053920746
Government Effectiveness: Estimate,GE.EST,Lao PDR,LAO,-0.650617778301239,-0.838954091072083,-0.729127824306488,-0.408548593521118,-0.504291951656342,-0.386136263608933,-0.374306678771973,-0.670885145664215,-0.781425833702087,-0.745370984077454,-0.617719113826752
Government Effectiveness: Estimate,GE.EST,Latvia,LVA,0.209914907813072,0.832318246364594,0.884124279022217,0.954419672489166,1.08600509166718,1.00054180622101,0.899941563606262,1.03685855865479,1.09896612167358,0.874574065208435,0.872736692428589
Government Effectiveness: Estimate,GE.EST,Lebanon,LBN,0.0260655991733074,-0.231662377715111,-0.299645811319351,-0.248904824256897,-0.364741653203964,-0.44288957118988,-0.423257857561111,-0.642591893672943,-0.780926525592804,-1.18356895446777,-1.28703927993774
Government Effectiveness: Estimate,GE.EST,Lesotho,LSO,-0.14284160733223,-0.424930244684219,-0.456048637628555,-0.592783272266388,-0.72003185749054,-0.836329400539398,-0.885353147983551,-0.890175104141235,-0.874868810176849,-0.95079517364502,-0.913774907588959
Government Effectiveness: Estimate,GE.EST,Liberia,LBR,-1.79194414615631,-1.16732215881348,-1.37312722206116,-1.3457590341568,-1.34236931800842,-1.28812253475189,-1.34283447265625,-1.30888867378235,-1.3738968372345,-1.4346170425415,-1.37698519229889
Government Effectiveness: Estimate,GE.EST,Libya,LBY,-1.07503414154053,-1.2741847038269,-1.3228075504303,-1.51752257347107,-1.45964801311493,-1.7214697599411,-1.57775521278381,-1.66174829006195,-1.75157129764557,-1.8408727645874,-1.72276699542999
Government Effectiveness: Estimate,GE.EST,Liechtenstein,LIE,1.63437485694885,1.78042709827423,1.7469562292099,1.69911313056946,1.68451058864594,1.69888150691986,1.75941026210785,1.73070681095123,1.68949031829834,1.81459259986877,1.51467216014862
Government Effectiveness: Estimate,GE.EST,Lithuania,LTU,0.0986325070261955,0.827294707298279,0.827008485794067,0.978460311889648,1.1813200712204,1.06513559818268,0.961367905139923,1.06573235988617,1.03744518756866,1.05077922344208,1.05660545825958
Government Effectiveness: Estimate,GE.EST,Luxembourg,LUX,1.89046895503998,1.6633061170578,1.62275099754333,1.64849925041199,1.71947491168976,1.68542158603668,1.67782378196716,1.7697936296463,1.72629404067993,1.83270716667175,1.71904325485229
Government Effectiveness: Estimate,GE.EST,"Macao SAR, China",MAC,0.618822574615479,1.08678269386292,1.05875933170319,1.46300411224365,1.44590151309967,1.17693638801575,1.37606763839722,1.19737100601196,1.16319942474365,1.1213675737381,1.13221418857574
Government Effectiveness: Estimate,GE.EST,Madagascar,MDG,-0.599425613880157,-1.118368268013,-1.14832305908203,-1.3272420167923,-1.30359840393066,-1.19897043704987,-1.17119324207306,-1.18830335140228,-1.17265474796295,-1.02806007862091,-1.00036108493805
Government Effectiveness: Estimate,GE.EST,Malawi,MWI,-0.357144564390183,-0.512557029724121,-0.51183557510376,-0.659877240657806,-0.71234267950058,-0.763381361961365,-0.698232054710388,-0.774941504001617,-0.776979148387909,-0.797247529029846,-0.768746435642242
Government Effectiveness: Estimate,GE.EST,Malaysia,MYS,0.99294239282608,0.919373273849487,1.00716626644135,1.16081976890564,0.958086252212524,0.864153683185577,0.824154436588287,1.10146045684814,1.00913941860199,1.05908203125,0.991686642169952
Government Effectiveness: Estimate,GE.EST,Maldives,MDV,0.872710645198822,-0.18681862950325,-0.304104119539261,-0.339784145355225,-0.349228292703629,-0.273779392242432,-0.425809234380722,-0.452918171882629,-0.14983107149601,-0.00686872284859419,0.386397957801819
Government Effectiveness: Estimate,GE.EST,Mali,MLI,-1.05684018135071,-0.983904898166656,-0.899171769618988,-1.08842015266418,-0.929319560527802,-0.996003746986389,-0.938733220100403,-1.00032019615173,-1.06899988651276,-1.16586327552795,-1.2231879234314
Government Effectiveness: Estimate,GE.EST,Malta,MLT,1.05050778388977,1.24053657054901,1.25185108184814,1.024050116539,0.847427666187286,0.951220750808716,1.00032913684845,0.962389171123505,0.852863729000092,1.03146994113922,0.89264053106308
Government Effectiveness: Estimate,GE.EST,Marshall Islands,MHL,..,-1.51827752590179,-1.6971275806427,-1.78642618656158,-1.81800127029419,-1.77563059329987,-1.69356310367584,-1.58915460109711,-1.54488921165466,-1.40530467033386,-1.48823928833008
Government Effectiveness: Estimate,GE.EST,Martinique,MTQ,0.872710645198822,0.741472184658051,0.748280763626099,0.693407595157623,0.74456262588501,0.793133914470673,1.10700118541718,1.10208261013031,1.08302557468414,0.971156001091003,0.976894974708557
Government Effectiveness: Estimate,GE.EST,Mauritania,MRT,-0.14284160733223,-0.913015425205231,-0.992993474006653,-0.991463780403137,-1.02556824684143,-0.808020651340485,-0.763634920120239,-0.785691499710083,-0.575070917606354,-0.807231068611145,-0.733716249465942
Government Effectiveness: Estimate,GE.EST,Mauritius,MUS,0.430507242679596,1.0467004776001,0.920593023300171,1.15563225746155,1.16092014312744,1.0571494102478,0.998664975166321,0.932905673980713,0.892037570476532,0.884526431560516,0.849402546882629
Government Effectiveness: Estimate,GE.EST,Mexico,MEX,0.276181936264038,0.300963640213013,0.30745142698288,0.13829705119133,0.151816561818123,0.0639017894864082,-0.0319954790174961,-0.263602465391159,-0.279377490282059,-0.242663219571114,-0.312162280082703
Government Effectiveness: Estimate,GE.EST,"Micronesia, Fed. Sts.",FSM,..,-0.643289566040039,-0.568482995033264,-0.515850126743317,-0.376106202602386,-0.264031201601028,0.200173407793045,-0.0446043349802494,-0.0898046344518662,0.183574870228767,0.124419935047626
Government Effectiveness: Estimate,GE.EST,Moldova,MDA,-0.535638272762299,-0.562788844108582,-0.400530993938446,-0.406121104955673,-0.652528584003448,-0.63114869594574,-0.529130578041077,-0.465657293796539,-0.41209015250206,-0.5140380859375,-0.404990613460541
Government Effectiveness: Estimate,GE.EST,Monaco,MCO,..,..,..,..,..,..,..,..,..,..,..
Government Effectiveness: Estimate,GE.EST,Mongolia,MNG,-0.325786858797073,-0.632912158966064,-0.543920457363129,-0.429426044225693,-0.410802334547043,-0.0768371298909187,-0.254585742950439,-0.220212623476982,-0.191707879304886,-0.368315815925598,-0.467179894447327
Government Effectiveness: Estimate,GE.EST,Montenegro,MNE,..,0.117444731295109,0.152013048529625,0.292885899543762,0.196320354938507,0.166023626923561,0.202021449804306,0.118020974099636,0.138532131910324,-0.0708921402692795,0.00613263947889209
Government Effectiveness: Estimate,GE.EST,Morocco,MAR,0.0260655991733074,-0.133275002241135,-0.0779731273651123,-0.1302739828825,-0.111680008471012,-0.164237484335899,-0.27918940782547,-0.330775558948517,-0.201040923595428,-0.0887200012803078,-0.0667751729488373
Government Effectiveness: Estimate,GE.EST,Mozambique,MOZ,-0.49317455291748,-0.655166208744049,-0.636804580688477,-0.74494856595993,-0.78355872631073,-0.89699649810791,-0.919229388237,-0.922593712806702,-0.87389612197876,-0.775558054447174,-0.765344798564911
Government Effectiveness: Estimate,GE.EST,Myanmar,MMR,-1.20650112628937,-1.48018658161163,-1.51170814037323,-1.30058372020721,-1.25729238986969,-0.99030613899231,-1.06570398807526,-1.07738935947418,-1.16904890537262,-1.01675057411194,-1.41024351119995
Government Effectiveness: Estimate,GE.EST,Namibia,NAM,0.288999676704407,0.240754634141922,0.273176252841949,0.223906129598618,0.326937437057495,0.229374781250954,0.2598617374897,0.150518089532852,0.12494795024395,0.0677594020962715,0.0593462847173214
Government Effectiveness: Estimate,GE.EST,Nauru,NRU,..,-0.557996273040771,-0.578923523426056,-0.568764805793762,-0.536794185638428,-0.687633693218231,-0.435675859451294,-0.0805404037237167,-0.133010134100914,-0.0823604688048363,-0.380701690912247
Government Effectiveness: Estimate,GE.EST,Nepal,NPL,-0.396729677915573,-0.988784849643707,-0.929921746253967,-0.860475301742554,-1.06826138496399,-0.833284676074982,-0.894338428974152,-0.904906630516052,-1.05280935764313,-0.93973445892334,-0.87152624130249
Government Effectiveness: Estimate,GE.EST,Netherlands,NLD,1.9833756685257,1.83904778957367,1.8091254234314,1.83618724346161,1.85461032390594,1.84961915016174,1.84633708000183,1.84290361404419,1.79613089561462,1.84382510185242,1.76668214797974
Government Effectiveness: Estimate,GE.EST,Netherlands Antilles,ANT,..,0.741472184658051,0.748280763626099,..,..,..,..,..,..,..,..
Government Effectiveness: Estimate,GE.EST,New Zealand,NZL,1.58685111999512,1.79183387756348,1.75026178359985,1.92540895938873,1.87947869300842,1.83559823036194,1.76067328453064,1.66209316253662,1.66368079185486,1.58037388324738,1.35075128078461
Government Effectiveness: Estimate,GE.EST,Nicaragua,NIC,-0.660692811012268,-0.896317541599274,-0.816622495651245,-0.840402603149414,-0.819911599159241,-0.693790316581726,-0.632386207580566,-0.767319738864899,-0.740191996097565,-0.650465130805969,-0.852298974990845
Government Effectiveness: Estimate,GE.EST,Niger,NER,-1.15075349807739,-0.699347138404846,-0.735528409481049,-0.715861976146698,-0.691085338592529,-0.668597102165222,-0.732213914394379,-0.802954137325287,-0.816304087638855,-0.634796857833862,-0.614557325839996
Government Effectiveness: Estimate,GE.EST,Nigeria,NGA,-0.970691919326782,-1.00281035900116,-0.999358832836151,-1.19059991836548,-0.971849918365479,-1.0944629907608,-1.02008616924286,-1.09748804569244,-1.18443369865417,-1.11589670181274,-0.995998680591583
Government Effectiveness: Estimate,GE.EST,Niue,NIU,..,-0.999131679534912,-0.993233442306519,..,..,..,..,..,..,..,..
Government Effectiveness: Estimate,GE.EST,North Macedonia,MKD,-0.838553190231323,-0.217108637094498,-0.173673421144485,0.0164548866450787,0.00162897049449384,0.00212095864117146,0.0190645586699247,0.0860297828912735,-0.0972267314791679,0.0637243688106537,-0.0842619091272354
Government Effectiveness: Estimate,GE.EST,Norway,NOR,1.81612300872803,1.89961218833923,1.8770409822464,1.82207250595093,1.85963881015778,1.86188352108002,1.97733402252197,1.87841963768005,1.85467600822449,1.92704653739929,1.83935570716858
Government Effectiveness: Estimate,GE.EST,Oman,OMN,0.288999676704407,0.260224997997284,0.21126115322113,0.263467371463776,0.079835407435894,0.189830422401428,0.190403088927269,0.182124376296997,0.254982084035873,0.135548576712608,-0.118082351982594
Government Effectiveness: Estimate,GE.EST,Pakistan,PAK,-0.492341905832291,-0.778008282184601,-0.792022287845612,-0.757806360721588,-0.667266607284546,-0.654021263122559,-0.597104787826538,-0.631353139877319,-0.680663824081421,-0.540501832962036,-0.402694642543793
Government Effectiveness: Estimate,GE.EST,Palau,PLW,..,-0.557996273040771,-0.578923523426056,-0.568764805793762,-0.536794185638428,-0.401865363121033,-0.231101721525192,-0.0160818863660097,-0.0491242855787277,-0.0525450743734837,-0.277704775333405
Government Effectiveness: Estimate,GE.EST,Panama,PAN,0.228873282670975,0.32649552822113,0.32475534081459,0.281083971261978,0.311004340648651,0.18606935441494,0.0576553493738174,0.0420361235737801,0.130315572023392,0.197498485445976,0.159396782517433
Government Effectiveness: Estimate,GE.EST,Papua New Guinea,PNG,-0.360874891281128,-0.740636229515076,-0.661370575428009,-0.614890456199646,-0.604418277740479,-0.74035257101059,-0.664572179317474,-0.670348823070526,-0.810321033000946,-0.843611121177673,-0.887458801269531
Government Effectiveness: Estimate,GE.EST,Paraguay,PRY,-1.03906869888306,-0.908871948719025,-0.888060867786407,-0.947512805461884,-0.977565348148346,-0.800617396831512,-0.824384331703186,-0.585093080997467,-0.556186079978943,-0.538141965866089,-0.622933626174927
Government Effectiveness: Estimate,GE.EST,Peru,PER,-0.183523014187813,-0.18798653781414,-0.150920063257217,-0.326760858297348,-0.33747461438179,-0.226764231920242,-0.176427260041237,-0.298173666000366,-0.0974682196974754,-0.263935297727585,-0.260793089866638
Government Effectiveness: Estimate,GE.EST,Philippines,PHL,-0.204128161072731,0.211598411202431,0.211859419941902,0.324305802583694,0.195475071668625,0.0551849827170372,-0.000521703739650548,0.097593367099762,0.0929715558886528,0.0994934812188149,0.0703260451555252
Government Effectiveness: Estimate,GE.EST,Poland,POL,0.568725228309631,0.656751573085785,0.658575594425201,0.768318057060242,0.768213629722595,0.68496310710907,0.582646310329437,0.579374313354492,0.543930947780609,0.359848201274872,0.292776763439178
Government Effectiveness: Estimate,GE.EST,Portugal,PRT,0.972350239753723,1.001620054245,1.19455850124359,0.983859717845917,1.18552231788635,1.17856287956238,1.32597279548645,1.21299529075623,1.16280674934387,1.01547133922577,0.991308629512787
Government Effectiveness: Estimate,GE.EST,Puerto Rico,PRI,1.12659859657288,0.397003591060638,0.35644543170929,0.360622435808182,0.356558740139008,0.39293310046196,-0.102257110178471,-0.160520195960999,-0.167731955647469,-0.265082746744156,-0.264452815055847
Government Effectiveness: Estimate,GE.EST,Qatar,QAT,0.420466750860214,0.930580139160156,1.05230152606964,0.940700650215149,0.951725840568542,0.731654822826386,0.736953318119049,0.625672340393066,0.699964761734009,0.900529682636261,1.11364328861237
Government Effectiveness: Estimate,GE.EST,Reunion,REU,..,1.00199294090271,1.00969386100769,0.948114812374115,1.00404345989227,1.05813145637512,1.10700118541718,1.10208261013031,1.08302557468414,0.971156001091003,0.976894974708557
Government Effectiveness: Estimate,GE.EST,Romania,ROU,-0.262158989906311,-0.171900972723961,0.136252075433731,0.226028010249138,0.128101199865341,-0.0402308702468872,-0.0583919622004032,-0.147446274757385,-0.186415791511536,-0.257351338863373,-0.129637852311134
Government Effectiveness: Estimate,GE.EST,Russian Federation,RUS,-0.673456251621246,-0.533574044704437,-0.449865072965622,-0.187570467591286,-0.294513344764709,-0.285805225372314,-0.152871698141098,-0.0647217184305191,0.0652898773550987,-0.0776575356721878,-0.176100715994835
Government Effectiveness: Estimate,GE.EST,Rwanda,RWA,-1.15839385986328,-0.092332124710083,-0.018382927402854,-0.048807293176651,-0.107887826859951,0.0469172224402428,0.209884405136108,0.117395237088203,0.128713324666023,0.308448910713196,0.261192619800568
Government Effectiveness: Estimate,GE.EST,Samoa,WSM,0.364934474229813,0.0237137079238892,0.0662296041846275,0.584227979183197,0.635636925697327,0.672427833080292,0.721671581268311,0.67410272359848,0.504421651363373,0.65266215801239,0.443131148815155
Government Effectiveness: Estimate,GE.EST,San Marino,SMR,..,..,..,..,..,..,..,..,..,..,..
Government Effectiveness: Estimate,GE.EST,Sao Tome and Principe,STP,-0.396729677915573,-0.73634922504425,-0.764673292636871,-0.869491219520569,-0.816462516784668,-0.744742393493652,-0.814973294734955,-0.756703734397888,-0.730839312076569,-0.691931128501892,-0.734239637851715
Government Effectiveness: Estimate,GE.EST,Saudi Arabia,SAU,-0.229407846927643,0.0313933752477169,0.0707134678959847,0.205546021461487,0.198126718401909,0.258924305438995,0.254605442285538,0.318702548742294,0.302020937204361,0.139777943491936,0.496305406093597
Government Effectiveness: Estimate,GE.EST,Senegal,SEN,-0.165955796837807,-0.477523863315582,-0.428277671337128,-0.407872408628464,-0.449007272720337,-0.47374016046524,-0.340407967567444,-0.30782625079155,-0.115319676697254,-0.0349737964570522,0.0592299290001392
Government Effectiveness: Estimate,GE.EST,Serbia,SRB,-0.834016025066376,-0.17961286008358,-0.184865355491638,-0.00240192259661853,0.0232293512672186,-0.0108847999945283,0.101498268544674,0.10735309869051,0.0152442818507552,-0.0102546475827694,0.0474271588027477
Government Effectiveness: Estimate,GE.EST,Seychelles,SYC,0.618822574615479,0.667528867721558,0.549897611141205,0.511074125766754,0.586286246776581,0.556529104709625,0.529888808727264,0.667298913002014,0.661006391048431,0.727294027805328,0.941589534282684
Government Effectiveness: Estimate,GE.EST,Sierra Leone,SLE,-1.60816824436188,-1.22680616378784,-1.22421503067017,-1.25280022621155,-1.24765014648438,-1.18961846828461,-1.19133245944977,-1.15590703487396,-1.13592910766602,-1.02773928642273,-1.11450815200806
Government Effectiveness: Estimate,GE.EST,Singapore,SGP,2.10799384117126,2.15576386451721,2.08041024208069,2.17531442642212,2.23087596893311,2.19767379760742,2.2137622833252,2.22191500663757,2.21273446083069,2.3248598575592,2.29148745536804
Government Effectiveness: Estimate,GE.EST,Slovak Republic,SVK,0.673051953315735,0.782018482685089,0.725599348545074,0.794016659259796,0.765795052051544,0.826409995555878,0.698181927204132,0.613614976406097,0.580516278743744,0.537019550800323,0.529206514358521
Government Effectiveness: Estimate,GE.EST,Slovenia,SVN,0.674126327037811,1.02490901947021,1.00788342952728,1.00090837478638,0.969194054603577,1.12214553356171,1.16633188724518,1.1190071105957,1.07539081573486,1.15800929069519,1.1782032251358
Government Effectiveness: Estimate,GE.EST,Solomon Islands,SLB,..,-0.813548028469086,-0.833914041519165,-1.12283742427826,-1.05819153785706,-0.996183037757874,-1.01246631145477,-1.03102207183838,-0.989601075649261,-0.831492960453033,-0.911644220352173
Government Effectiveness: Estimate,GE.EST,Somalia,SOM,-1.97572016716003,-2.1959662437439,-2.19791674613953,-2.4450957775116,-2.18579697608948,-2.17700529098511,-2.23885345458984,-2.19471096992493,-2.25098657608032,-2.10902547836304,-2.05495309829712
Government Effectiveness: Estimate,GE.EST,South Africa,ZAF,0.645909368991852,0.17120672762394,0.308263748884201,0.164872631430626,0.116498067975044,0.132853388786316,0.10014396905899,0.132596701383591,0.162542775273323,0.0968055054545403,-0.0174438431859016
Government Effectiveness: Estimate,GE.EST,South Sudan,SSD,..,-1.62352359294891,-1.68720555305481,-2.10063147544861,-2.1370005607605,-2.33561444282532,-2.45031404495239,-2.32946562767029,-2.37982869148254,-2.31318593025208,-2.38260555267334
Government Effectiveness: Estimate,GE.EST,Spain,ESP,1.68575727939606,1.05686569213867,1.16806817054749,1.17374742031097,1.18480539321899,1.12517988681793,1.03224301338196,1.00004780292511,0.995634913444519,0.887231767177582,0.947267353534698
Government Effectiveness: Estimate,GE.EST,Sri Lanka,LKA,-0.342374563217163,-0.196667313575745,-0.158950358629227,0.0742595195770264,0.0127449156716466,0.00942008104175329,-0.138596415519714,-0.228138446807861,-0.0951133072376251,-0.0469268821179867,-0.0830284357070923
Government Effectiveness: Estimate,GE.EST,St. Kitts and Nevis,KNA,..,1.2625138759613,1.27110695838928,-0.0707140490412712,0.225600779056549,0.263139009475708,0.557348668575287,0.546050012111664,0.537684321403503,0.689502596855164,0.417324841022491
Government Effectiveness: Estimate,GE.EST,St. Lucia,LCA,..,0.740133285522461,0.778762400150299,0.0379123650491238,-0.0300075765699148,0.0995429754257202,0.361605376005173,0.281710475683212,0.310075104236603,0.308486878871918,-0.090642049908638
Government Effectiveness: Estimate,GE.EST,St. Vincent and the Grenadines,VCT,..,0.936751008033752,0.988204717636108,0.211654558777809,0.107711106538773,0.33754751086235,0.361605376005173,0.281710475683212,0.310075104236603,0.308486878871918,0.307540625333786
Government Effectiveness: Estimate,GE.EST,Sudan,SDN,-0.943567037582397,-1.43017327785492,-1.48483502864838,-1.55676412582397,-1.48254072666168,-1.53008425235748,-1.45191240310669,-1.60659003257751,-1.63887929916382,-1.52577590942383,-1.63749933242798
Government Effectiveness: Estimate,GE.EST,Suriname,SUR,-0.142010897397995,-0.0131428940221667,-0.0179586429148912,-0.177114307880402,-0.346649587154388,-0.338375061750412,-0.618173837661743,-0.657655537128448,-0.592646241188049,-0.544024109840393,-0.645067036151886
Government Effectiveness: Estimate,GE.EST,Sweden,SWE,1.87932634353638,1.91071212291718,1.78928470611572,1.681720495224,1.71137487888336,1.69272089004517,1.70821261405945,1.70424115657806,1.70230340957642,1.70982444286346,1.65233671665192
Government Effectiveness: Estimate,GE.EST,Switzerland,CHE,1.95634055137634,1.88250148296356,1.81683492660522,2.10513758659363,1.99294698238373,2.00065541267395,2.0502336025238,2.03054046630859,1.94432032108307,2.01025295257568,2.03224897384644
Government Effectiveness: Estimate,GE.EST,Syrian Arab Republic,SYR,-0.943567037582397,-1.14881825447083,-1.39845490455627,-1.3980633020401,-1.5889368057251,-1.81459355354309,-1.76858150959015,-1.67098450660706,-1.71156418323517,-1.73211216926575,-1.73978078365326
Government Effectiveness: Estimate,GE.EST,"Taiwan, China",TWN,0.697363615036011,1.14693534374237,1.20506727695465,1.36264252662659,1.39176321029663,1.35557639598846,1.25907480716705,1.3549417257309,1.43001091480255,1.57687675952911,1.47005915641785
Government Effectiveness: Estimate,GE.EST,Tajikistan,TJK,-1.15839385986328,-0.934513926506042,-1.06571364402771,-0.787115037441254,-0.856023848056793,-1.0410088300705,-1.1334445476532,-1.10887026786804,-1.06422030925751,-0.70644748210907,-0.591922223567963
Government Effectiveness: Estimate,GE.EST,Tanzania,TZA,-0.556626617908478,-0.702938914299011,-0.713573634624481,-0.658473551273346,-0.622383058071136,-0.570895195007324,-0.650151133537292,-0.754148185253143,-0.832263290882111,-0.714811623096466,-0.631779849529266
Government Effectiveness: Estimate,GE.EST,Thailand,THA,0.177485346794128,0.139575377106667,0.173174858093262,0.268278121948242,0.280147969722748,0.271201014518738,0.304385244846344,0.300396800041199,0.303793728351593,0.233210638165474,0.253084868192673
Government Effectiveness: Estimate,GE.EST,Timor-Leste,TLS,..,-1.19580006599426,-1.24622547626495,-1.21418809890747,-1.06939387321472,-1.02797889709473,-1.00524532794952,-0.972366988658905,-0.880101263523102,-0.764207601547241,-0.758729934692383
Government Effectiveness: Estimate,GE.EST,Togo,TGO,-1.05684018135071,-1.30353367328644,-1.29474794864655,-1.27107918262482,-1.20481240749359,-1.09536218643188,-1.14635515213013,-1.07519292831421,-0.936474919319153,-0.696559250354767,-0.647204577922821
Government Effectiveness: Estimate,GE.EST,Tonga,TON,..,-0.386516183614731,-0.38572433590889,-0.00613895943388343,-0.300382077693939,-0.25419420003891,-0.194146394729614,0.202312603592873,0.223588839173317,0.293504655361176,0.283389031887054
Government Effectiveness: Estimate,GE.EST,Trinidad and Tobago,TTO,0.454069554805756,0.481429755687714,0.416589498519897,0.335453808307648,0.283133983612061,0.278874158859253,0.256764799356461,0.237960740923882,0.119822189211845,0.2097547352314,0.192694500088692
Government Effectiveness: Estimate,GE.EST,Tunisia,TUN,0.416736394166946,-0.0438597425818443,-0.0523930937051773,-0.063872754573822,-0.069419339299202,-0.173241034150124,-0.0171631816774607,0.0272098314017057,-0.00382654787972569,-0.157310023903847,-0.167064905166626
Government Effectiveness: Estimate,GE.EST,Turkiye,TUR,-0.0204347390681505,0.432587444782257,0.399101763963699,0.394282221794128,0.228523105382919,0.0302583184093237,0.0511774159967899,-0.0267058294266462,0.0192449688911438,-0.127560287714005,-0.086595356464386
Government Effectiveness: Estimate,GE.EST,Turkmenistan,TKM,-1.15839385986328,-1.11882567405701,-1.1259354352951,-0.506690263748169,-0.548619747161865,-0.861578524112701,-0.964904189109802,-1.04548311233521,-0.96685266494751,-0.991539478302002,-0.928220212459564
Government Effectiveness: Estimate,GE.EST,Tuvalu,TUV,..,-0.693722486495972,-0.659236550331116,-0.972998142242432,-0.99537193775177,-0.953740358352661,-0.741588473320007,-0.655209064483643,-0.619882762432098,-0.539141237735748,-0.478409945964813
Government Effectiveness: Estimate,GE.EST,Uganda,UGA,-0.492341905832291,-0.601154863834381,-0.615699768066406,-0.542870998382568,-0.548271417617798,-0.610120058059692,-0.61366730928421,-0.664690434932709,-0.621487855911255,-0.587560713291168,-0.570227384567261
Government Effectiveness: Estimate,GE.EST,Ukraine,UKR,-0.675985157489777,-0.593322157859802,-0.663138389587402,-0.397417575120926,-0.524381637573242,-0.581973433494568,-0.488905280828476,-0.436755746603012,-0.308895260095596,-0.382993966341019,-0.40896737575531
Government Effectiveness: Estimate,GE.EST,United Arab Emirates,ARE,0.747685492038727,1.14249610900879,1.17059338092804,1.43015456199646,1.50539803504944,1.40988969802856,1.41076159477234,1.42372941970825,1.37060034275055,1.3169686794281,1.39862751960754
Government Effectiveness: Estimate,GE.EST,United Kingdom,GBR,1.76882231235504,1.59089684486389,1.51260316371918,1.62392163276672,1.73159277439117,1.60336661338806,1.46209490299225,1.39280009269714,1.47623598575592,1.36800122261047,1.27948105335236
Government Effectiveness: Estimate,GE.EST,United States,USA,1.72488653659821,1.52101111412048,1.51683723926544,1.46213662624359,1.459397315979,1.47055923938751,1.5492182970047,1.56907296180725,1.48233127593994,1.31041991710663,1.33641147613525
Government Effectiveness: Estimate,GE.EST,Uruguay,URY,0.416957408189774,0.41019532084465,0.391558527946472,0.428697258234024,0.477395325899124,0.530456185340881,0.428820461034775,0.530199646949768,0.671302378177643,0.769235491752625,0.839954197406769
Government Effectiveness: Estimate,GE.EST,Uzbekistan,UZB,-1.01998329162598,-0.913655996322632,-0.916848063468933,-0.624362528324127,-0.670059740543365,-0.579955995082855,-0.560735762119293,-0.548525631427765,-0.523717761039734,-0.530203223228455,-0.196801483631134
Government Effectiveness: Estimate,GE.EST,Vanuatu,VUT,..,-0.189762219786644,-0.182715877890587,-0.51708197593689,-0.791757166385651,-0.908069014549255,-0.923308551311493,-0.467415452003479,-0.530147731304169,-0.397548377513886,-0.558449566364288
Government Effectiveness: Estimate,GE.EST,"Venezuela, RB",VEN,-0.692695796489716,-1.07884836196899,-1.11039876937866,-1.16932797431946,-1.15884184837341,-1.23660326004028,-1.39783847332001,-1.64437365531921,-1.69478678703308,-1.87108051776886,-1.85184741020203
Government Effectiveness: Estimate,GE.EST,Vietnam,VNM,-0.394297510385513,-0.259284466505051,-0.255635917186737,-0.0507339760661125,0.0924657732248306,0.0289498344063759,0.00779032288119197,0.0027688117697835,0.0438676774501801,0.230213508009911,0.277978897094727
Government Effectiveness: Estimate,GE.EST,Virgin Islands (U.S.),VIR,..,1.2625138759613,1.27110695838928,1.20282196998596,1.26352453231812,1.32312893867493,0.832174897193909,0.824066340923309,0.810354948043823,0.689502596855164,0.697109878063202
Government Effectiveness: Estimate,GE.EST,West Bank and Gaza,PSE,-1.15839385986328,-0.712441205978394,-0.725639522075653,-0.488269746303558,-0.474415510892868,-0.63489818572998,-0.403328120708466,-0.762978434562683,-0.746353566646576,-0.648640096187592,-0.766787648200989
Government Effectiveness: Estimate,GE.EST,"Yemen, Rep.",YEM,-0.81583034992218,-1.28405320644379,-1.22952568531036,-1.43605935573578,-1.66858470439911,-1.87033319473267,-1.94287204742432,-2.26315975189209,-2.315260887146,-2.34856104850769,-2.30446362495422
Government Effectiveness: Estimate,GE.EST,Zambia,ZMB,-1.07876443862915,-0.511381089687347,-0.521591067314148,-0.534560143947601,-0.612141966819763,-0.704610764980316,-0.671800911426544,-0.62477833032608,-0.717326402664185,-0.802456021308899,-0.816932439804077
Government Effectiveness: Estimate,GE.EST,Zimbabwe,ZWE,-0.757242500782013,-1.37521708011627,-1.30902647972107,-1.27902364730835,-1.20216619968414,-1.20988953113556,-1.2386634349823,-1.26177382469177,-1.26728773117065,-1.29977869987488,-1.24293041229248
,,,,,,,,,,,,,,
,,,,,,,,,,,,,,
,,,,,,,,,,,,,,
Data from database: Worldwide Governance Indicators,,,,,,,,,,,,,,
Last Updated: 09/23/2022,,,,,,,,,,,,,,
